Name,Contact,Gender,Address,Age,Label
MR. S.M SAIFULLAH,1815655855,Male,303591,22,2
MR. S M SAIFULLA,1815655854,Male,303591,23,2
MR. SM SHAIFULLA,1815655854,Male,303591,23,2
MR. SM SHAIFULLAH,1815655854,Male,303591,21,2
MR. S M SAEFULLA,1815655854,Male,303591,21,2
MR. S M SAEFULLA,1815655754,Male,303591,23,2
MR. S M SAEFULLAH,1815655754,Male,303591,22,2
MR. S M SAEFULLAH,1815655855,Male,303591,22,2
MRS. RUKSANA AKTHER,1811964315,Female,501006,30,3
MRS. RUKSANA AKHTHER,1811964315,Female,501006,30,3
MRS. RUKSANA AKHTER,1811964325,Female,501006,31,3
MRS. RUKSANA AKHTAR,1811964315,Female,501026,30,3
MRS. RUKSANA AKTAR,1811964316,Female,501006,30,3
MRS. RUKHSANA AKTHER,1811964315,Female,501116,29,3
MRS. RUKHSANA AKHTHER,1811964315,Female,501006,30,3
MRS. RUKHSANA AKTHAR,1811864315,Female,501006,28,3
MRS. RUKHSANA AKTAR,1811964315,Female,501006,28,3
MRS. RUKSHANA AKHTER,1811964326,Female,501005,31,3
MRS. RUKSHENA AKHTER,1811965326,Female,501006,31,3
YASIRUL KARIM CHOWDHURY,1818051721,Male,404712,42,4
YASIRUL KARIM CHAUDHARY,1818051721,Male,404702,42,4
YASERUL KARIM CHAUDHARY,1818052721,Male,404712,42,4
YASEERUL KARIM CHAUDHARY,1818051721,Male,404712,40,4
YASEERUL KARIM CHAUDHARY,1818151721,Male,414712,41,4
YASIRUL KORIM CHOWDHURY,1818051721,Male,404712,41,4
YASEERUL KAREEM CHAUDHURY,1818051711,Male,404612,41,4
YASIRUL KOREEM CHOWDHURY,1818051721,Female,404712,40,4
YASIRUL KARIM CHAWDHURY,1818051721,Male,404711,42,4
HASINA SULTANA,1195393749,Female,201504,18,5
HASENA SULTANA,1195393749,Female,201504,18,5
HASEENA SULTANA,1195393749,Female,201504,18,5
HASINA SHULTANA,1195393749,Female,201504,19,5
HASINA SHULTANA,1195392749,Female,202504,18,5
HASEENA SHULTANA,1195392749,Female,202504,19,5
PANKAJ DUTTA,1819612082,Male,305670,55,6
PANKAJ DATTA,1819612082,Male,305670,55,6
PANKAJ DOTTO,1819612082,Male,305670,55,6
PANKAJ DUTT,1819612082,Male,305670,55,6
PANKAJH DUTT,1819612082,Male,305670,54,6
PANKAJH DUTTA,1819612182,Male,305670,54,6
PUNKAJH DUTTA,1819612182,Male,305670,53,6
MD NASIR SOWDAGAR,1816909086,Male,201565,28,7
MD NASIR SHOWDAGAR,1816909086,Male,201565,28,7
MD NASIR SHAWDAGAR,1816909086,Male,201565,28,7
MD NASIR SOWDAGOR,1816909086,Male,201565,28,7
MD NASIR SAWDAGAR,1816909086,Male,200565,28,7
MD NASIR SHOWDAGOR,1816909086,Male,201565,28,7
MD NASIR SAUDAGAR,1816909086,Male,201565,28,7
MD NASIR SHOWDAGHAR,1816909086,Male,201565,29,7
MD NASER SHOWDAGHAR,1816909086,Male,211565,28,7
MD NASEER SOWDAGHAR,1816909086,Male,201665,28,7
MD NASEER SHAUDAGAR,1816901086,Male,201565,28,7
MD NASEER SHODAGOR,1816909066,Male,201065,28,7
MD NASER SHODAGAR,1816909076,Male,201565,28,7
SAWKAT KHANAM SIDDIKA,1842240734,Female,404138,45,8
SHAWKAT KHANAM SIDDIKA,1842240734,Female,404138,44,8
SHOWKAT KHANAM SIDDIKA,1842240734,Female,404138,45,8
SHAWKOT KHANAM SIDDIKA,1842240734,Female,404137,45,8
SAWKOT KHANAM SIDDIKA,1842241734,Male,404138,45,8
SAWKAT KHANAM SIDDEEKA,1841240734,Female,404138,45,8
SAWKAT KHANAM SEDDEKA,1842240734,Female,404238,45,8
SHOKAT KHANAM SIDDIKA,1842240734,Female,404138,45,8
SAWKHAT KHANAM SIDDIKA,1842241734,Female,414138,45,8
KAZI ARIF MAINUDDIN,1818395102,Male,202216,33,10
KAZI AREEF MAINUDDIN,1818395102,Male,202216,33,10
KAZI ARIF MOINUDDIN,1818395102,Male,202216,33,10
KAAZI ARIF MAINUDDIN,1818395102,Male,202216,32,10
KAZEE ARIF MAINUDDIN,1818396102,Male,202116,33,10
KAZI AREF MAENUDDIN,1818395102,Male,202216,33,10
KAZI ARIF MAEENUDDIN,1818395122,Male,202215,31,10
KAZI ARIF MAYINUDDIN,1818395102,Male,202216,33,10
KAZI ARIF MOENUDDIN,1818395102,Male,212216,30,10
KAZI ARIF MOEENUDDIN,1817395102,Male,202216,33,10
KAJI ARIF MAINUDDIN,1818395102,Male,202215,33,10
MD MONJUR MEAH,1817795039,Male,609127,60,11
MD MONJUR MEA,1817795039,Male,609127,60,11
MD MONJUR MIYA,1817795039,Male,609127,61,11
MD MONJUR MIA,1817795039,Male,687127,60,11
MD MANJUR MEAH,1817795039,Male,609227,60,11
MD MANJUR MEA,1817795039,Male,609127,62,11
MD MANJUR MIYAH,1817799039,Male,609127,60,11
MD MONZUR MEYA,1817795039,Male,609127,59,11
MD MANJUR MIYAA,1817795339,Male,609127,60,11
MD MONJUR MIAH,1817795039,Male,609127,60,11
MD MANJUR MIYAH,1817795038,Male,609227,60,11
MR MD ALI AZGAR,1716284709,Male,501106,45,12
MR MD ALY AZGAR,1716274709,Male,501006,45,12
MR MD ALEE AZGAR,1716284719,Male,501006,44,12
MR MD ALI AZGOR,1716284709,Male,501066,45,12
MR MD ALI AJGAR,1716284709,Male,501006,43,12
MR MD ALI AZGHAR,1716285709,Male,501006,45,12
MR MD ALI AJGOR,1716284709,Female,501006,45,12
MR MD ALY AJHGAR,1716285709,Male,501106,45,12
MR MD ALEE AJGOR,1716284709,Male,501016,45,12
MR MD. ABDUR RAZZAQ,1732779276,Male,552710,21,13
MR MD. ABDUR RAZAQ,1732729276,Male,552610,21,13
MR MD. ABDUR RAZZAK,1732729276,Male,552710,21,13
MR MD. ABDUR RAZAK,1732729277,Male,552710,22,13
MR MD. ABDUR RAJJAQ,1732729276,Male,552710,21,13
MR MD. ABDUR RAJAQ,1732729376,Male,552710,23,13
MR MD. ABDUR RAJJAK,1732729276,Male,552710,21,13
MR MD. ABDOOR RAZZAQ,1732729276,Male,552710,21,13
MR MD. ABDOR RAZZAQ,1732729276,Male,552711,20,13
MR MD. ABDOUR RAZZAQ,1732722276,Male,557710,21,13
MR MD. ABDOUR RAZZAK,1732729276,Male,552710,21,13
NAHAR AKTER,1816809973,Female,303543,48,14
NAHAR AKTAR,1815809973,Female,303543,45,14
NAHAR AKHTER,1816809973,Female,313543,48,14
NAHAR AKTHER,1816809773,Female,300543,48,14
NAHAR AKHTAR,1816899973,Female,303543,47,14
NAHAR AKTHAR,1816809973,Female,303443,48,14
NAHAAR AKTER,1816809973,Female,303543,49,14
NAHAAR AKTAR,1826809973,Female,303544,48,14
SHAMIM AHMED,1678146201,Male,202216,32,15
SHAMIM AHMAD,1678146301,Male,202316,33,15
SHAMIM AHAMED,1678146201,Male,202216,32,15
SHAMEM AHMED,1678145201,Male,202216,31,15
SHAMEEM AHMAD,1678146601,Male,202116,34,15
SHAMEM AHAMED,1678146201,Male,202216,32,15
SHAMEM AHAMAD,1678146001,Male,202266,32,15
JABED AHMED,1816809973,Male,609227,18,16
JAVED AHMED,1816709973,Male,609127,17,16
JABED AHMAD,1816809973,Male,609177,19,16
JAVED AHMAD,1816809963,Male,609127,18,16
JABED AHAMED,1816809973,Male,629127,18,16
JAVED AHAMED,1816899973,Male,609127,20,16
MOHAMMAD SALIM,1678146201,Male,201512,44,17
MOHAMMAD SALEM,1678146201,Male,201512,45,17
MOHAMMAD SALEEM,1678146201,Male,201512,42,17
MUHAMMAD SALIM,1678146211,Male,201512,44,17
MUHAMMAD SALEM,1678146201,Male,201512,44,17
MUHAMMAD SALEEM,1678146301,Male,201412,45,17
MOHAMMOD SALIM,1678156201,Male,201512,44,17
MOHAMMOD SELIM,1678146201,Male,201522,44,17
MOHAMMOD SELEM,1678246201,Male,201512,44,17
MOHAMMOD SELEEM,1678146201,Male,201512,42,17
MUHAMMOD SELIM,1678145201,Male,201513,44,17
KAMAL HOSEN,1842240734,Male,201909,54,18
KAMAL HOSSEN,1842240734,Male,211909,54,18
KAMAL HOSAIN,1852240734,Male,201909,55,18
KAMAL HOSSAIN,1842240734,Male,201909,54,18
KAMAL HUSSEIN,1842240734,Male,201919,54,18
KAMAAL HOSEN,1842250734,Male,201909,53,18
KAMAAL HOSSEN,1842240834,Male,201909,54,18
KAMAAL HOSSEIN,1842240734,Male,201909,55,18
KAMAAL HUSSEN,1842240744,Male,200909,54,18
KAMAAL HUSSAIN,1842240734,Male,201909,52,18
MD ASIQ,1678146201,Male,404712,20,19
MD ASIK,1678146201,Male,414712,19,19
MD ASHIQ,1678146101,Male,404712,20,19
MD ASHIK,1678146211,Male,404812,21,19
MD ASHEQ,1678156201,Male,444712,19,19
MD ASHEK,1678146321,Male,404712,20,19
MD ASHEEK,1678146321,Male,404712,22,19
NIYAZ AHMED,1817702533,Male,501006,39,21
NEYAZ AHMED,1817712533,Male,501006,39,21
NIYAJ AHMED,1817702533,Male,501106,37,21
NEYAJ AHMED,1817702533,Male,501006,39,21
NIYAZ AHMAD,1817702533,Male,501016,39,21
NIYAZ AHAMED,1817703533,Male,501006,38,21
NIYAZ AHAMAD,1817702533,Male,501006,39,21
NEYAZ AHAMAD,1817702533,Male,501066,39,21
NIYAJ AHAMED,1817702533,Male,501006,40,21
NEYAJ AHAMED,1817700534,Male,501006,39,21
SAYAD AHMED,1816809973,Male,303929,62,22
SAYAD AHMED,1816809873,Male,303829,62,22
SAYAD AHMED,1816809973,Male,303929,63,22
SAYAD AHMED,1816819973,Male,303939,62,22
SAYAD AHMED,1816809973,Male,303929,64,22
SAYAD AHMED,1816809974,Male,303829,65,22
SAYAD AHMED,1816809973,Male,303929,62,22
SAYAD AHMED,1816809973,Male,323929,62,22
FAYAZ AHMED,1678146201,Male,404138,55,23
FAYAZ AHMAD,1678146102,Male,404138,55,23
FAYAZ AHAMED,1678146203,Male,404238,55,23
FAYAZ AHOMED,1678146204,Male,404138,54,23
FAYAZ AHAMMED,1678146215,Male,404138,55,23
FAYAJ AHMED,1678146206,Male,404138,55,23
FAYAJ AHAMED,1678145207,Male,404138,55,23
FAYAJ AHAMAD,1678146208,Male,414138,53,23
FAYAJ AHAMMED,1668146209,Male,404133,55,23
MORSHED ALI,1817702533,Male,201909,23,24
MORSHAD ALI,1817702534,Male,201919,23,24
MORSED ALI,1817702635,Male,201909,23,24
MORSAD ALI,1817702546,Male,201909,23,24
MORSHED ALE,1817702537,Male,201909,21,24
MORSHED ALEE,1817702538,Male,211909,23,24
MORSHED ALY,1817702539,Male,201909,22,24
MORSHID ALE,1817712540,Male,201909,23,24
MURSHED ALI,1817702541,Male,201809,23,24
MURSHAD ALI,1817702542,Male,201909,24,24
MURSHAD ALE,1817702443,Male,201909,23,24
MURSHAD ALEE,1817702544,Male,201109,23,24
MURSHAD ALY,1817702545,Male,201909,23,24
MD. MAZID,1817702533,Male,605814,31,25
MD. MAZED,1817702534,Male,615814,31,25
MD. MAJID,1817712535,Male,605814,31,25
MD. MAJHID,1817702536,Male,605814,32,25
MD. MAJED,1817702537,Male,605714,31,25
MD. MAJHED,1817702558,Male,605814,31,25
MD. MOZID,1817702539,Male,605814,30,25
MD. MOJID,1817702540,Male,605834,31,25
MD. MOZED,1818702541,Male,605814,31,25
MD. MOJED,1817703542,Male,605814,29,25
NASIR UDDIN,1816809973,Male,404144,47,26
NASER UDDIN,1816809774,Male,404104,47,26
NASEER UDDIN,1816809975,Male,404104,44,26
NAASIR UDDIN,1815809976,Male,404204,47,26
NAASER UDDIN,1816809977,Male,404104,45,26
NAASEER UDDIN,1826809978,Male,404104,46,26